{
	"nervaluate": {
		"ent_type": {
			"correct": 135,
			"incorrect": 54,
			"partial": 0,
			"missed": 64,
			"spurious": 43,
			"possible": 253,
			"actual": 232,
			"precision": 0.5818965517241379,
			"recall": 0.5335968379446641,
			"f1": 0.5567010309278351
		},
		"partial": {
			"correct": 90,
			"incorrect": 0,
			"partial": 99,
			"missed": 64,
			"spurious": 43,
			"possible": 253,
			"actual": 232,
			"precision": 0.6012931034482759,
			"recall": 0.5513833992094862,
			"f1": 0.575257731958763
		},
		"strict": {
			"correct": 87,
			"incorrect": 102,
			"partial": 0,
			"missed": 64,
			"spurious": 43,
			"possible": 253,
			"actual": 232,
			"precision": 0.375,
			"recall": 0.3438735177865613,
			"f1": 0.35876288659793817
		},
		"exact": {
			"correct": 90,
			"incorrect": 99,
			"partial": 0,
			"missed": 64,
			"spurious": 43,
			"possible": 253,
			"actual": 232,
			"precision": 0.3879310344827586,
			"recall": 0.3557312252964427,
			"f1": 0.3711340206185567
		}
	},
	"nervaluate_per_tag": {
		"property": {
			"ent_type": {
				"correct": 21,
				"incorrect": 19,
				"partial": 0,
				"missed": 15,
				"spurious": 20,
				"possible": 55,
				"actual": 60,
				"precision": 0.35,
				"recall": 0.38181818181818186,
				"f1": 0.3652173913043478
			},
			"partial": {
				"correct": 14,
				"incorrect": 0,
				"partial": 26,
				"missed": 15,
				"spurious": 20,
				"possible": 55,
				"actual": 60,
				"precision": 0.45,
				"recall": 0.4909090909090909,
				"f1": 0.46956521739130438
			},
			"strict": {
				"correct": 14,
				"incorrect": 26,
				"partial": 0,
				"missed": 15,
				"spurious": 20,
				"possible": 55,
				"actual": 60,
				"precision": 0.23333333333333335,
				"recall": 0.2545454545454545,
				"f1": 0.2434782608695652
			},
			"exact": {
				"correct": 14,
				"incorrect": 26,
				"partial": 0,
				"missed": 15,
				"spurious": 20,
				"possible": 55,
				"actual": 60,
				"precision": 0.23333333333333335,
				"recall": 0.2545454545454545,
				"f1": 0.2434782608695652
			}
		},
		"location": {
			"ent_type": {
				"correct": 31,
				"incorrect": 8,
				"partial": 0,
				"missed": 21,
				"spurious": 4,
				"possible": 60,
				"actual": 43,
				"precision": 0.7209302325581395,
				"recall": 0.5166666666666667,
				"f1": 0.6019417475728156
			},
			"partial": {
				"correct": 26,
				"incorrect": 0,
				"partial": 13,
				"missed": 21,
				"spurious": 4,
				"possible": 60,
				"actual": 43,
				"precision": 0.7558139534883721,
				"recall": 0.5416666666666666,
				"f1": 0.6310679611650485
			},
			"strict": {
				"correct": 24,
				"incorrect": 15,
				"partial": 0,
				"missed": 21,
				"spurious": 4,
				"possible": 60,
				"actual": 43,
				"precision": 0.5581395348837209,
				"recall": 0.4,
				"f1": 0.4660194174757281
			},
			"exact": {
				"correct": 26,
				"incorrect": 13,
				"partial": 0,
				"missed": 21,
				"spurious": 4,
				"possible": 60,
				"actual": 43,
				"precision": 0.6046511627906976,
				"recall": 0.43333333333333337,
				"f1": 0.5048543689320388
			}
		},
		"tempex": {
			"ent_type": {
				"correct": 27,
				"incorrect": 11,
				"partial": 0,
				"missed": 2,
				"spurious": 5,
				"possible": 40,
				"actual": 43,
				"precision": 0.627906976744186,
				"recall": 0.675,
				"f1": 0.6506024096385542
			},
			"partial": {
				"correct": 24,
				"incorrect": 0,
				"partial": 14,
				"missed": 2,
				"spurious": 5,
				"possible": 40,
				"actual": 43,
				"precision": 0.7209302325581395,
				"recall": 0.775,
				"f1": 0.7469879518072289
			},
			"strict": {
				"correct": 23,
				"incorrect": 15,
				"partial": 0,
				"missed": 2,
				"spurious": 5,
				"possible": 40,
				"actual": 43,
				"precision": 0.5348837209302325,
				"recall": 0.575,
				"f1": 0.5542168674698795
			},
			"exact": {
				"correct": 24,
				"incorrect": 14,
				"partial": 0,
				"missed": 2,
				"spurious": 5,
				"possible": 40,
				"actual": 43,
				"precision": 0.5581395348837209,
				"recall": 0.6,
				"f1": 0.5783132530120482
			}
		},
		"target": {
			"ent_type": {
				"correct": 56,
				"incorrect": 16,
				"partial": 0,
				"missed": 26,
				"spurious": 14,
				"possible": 98,
				"actual": 86,
				"precision": 0.6511627906976745,
				"recall": 0.5714285714285714,
				"f1": 0.6086956521739131
			},
			"partial": {
				"correct": 26,
				"incorrect": 0,
				"partial": 46,
				"missed": 26,
				"spurious": 14,
				"possible": 98,
				"actual": 86,
				"precision": 0.5697674418604651,
				"recall": 0.5,
				"f1": 0.5326086956521738
			},
			"strict": {
				"correct": 26,
				"incorrect": 46,
				"partial": 0,
				"missed": 26,
				"spurious": 14,
				"possible": 98,
				"actual": 86,
				"precision": 0.3023255813953488,
				"recall": 0.2653061224489796,
				"f1": 0.28260869565217397
			},
			"exact": {
				"correct": 26,
				"incorrect": 46,
				"partial": 0,
				"missed": 26,
				"spurious": 14,
				"possible": 98,
				"actual": 86,
				"precision": 0.3023255813953488,
				"recall": 0.2653061224489796,
				"f1": 0.28260869565217397
			}
		}
	}
}